folio,fecha,tienda,sku,presentacion,cantidad,precio
T-V-001,2026-08-02 10:15:00-06,Super Valle Centro,P-001-001,1 kg,2,42.50
T-V-001,2026-08-02 10:15:00-06,Super Valle Centro,LDN-LEC,1 L,3,28.50
T-V-002,2026-08-04 10:15:00-06,Super Valle Centro,P-001-001,1 kg,2,42.50
T-V-002,2026-08-04 10:15:00-06,Super Valle Centro,LDN-LEC,1 L,2,28.50
T-V-003,2026-08-06 10:15:00-06,Super Valle Centro,P-001-001,1 kg,2,42.50
T-V-003,2026-08-06 10:15:00-06,Super Valle Centro,LDN-LEC,1 L,3,28.50
T-V-004,2026-08-08 10:15:00-06,Super Valle Centro,P-001-001,1 kg,2,42.50
T-V-004,2026-08-08 10:15:00-06,Super Valle Centro,LDN-LEC,1 L,2,28.50
T-V-005,2026-08-10 10:15:00-06,Super Valle Centro,P-001-001,1 kg,2,42.50
T-V-005,2026-08-10 10:15:00-06,Super Valle Centro,LDN-LEC,1 L,3,28.50
T-V-006,2026-08-12 10:15:00-06,Super Valle Centro,P-001-001,1 kg,2,42.50
T-V-006,2026-08-12 10:15:00-06,Super Valle Centro,LDN-LEC,1 L,2,28.50
T-V-007,2026-08-14 10:15:00-06,Super Valle Centro,P-001-001,1 kg,2,42.50
T-V-007,2026-08-14 10:15:00-06,Super Valle Centro,LDN-LEC,1 L,3,28.50
T-V-008,2026-08-16 10:15:00-06,Super Valle Centro,P-001-001,1 kg,2,42.50
T-V-008,2026-08-16 10:15:00-06,Super Valle Centro,LDN-LEC,1 L,2,28.50
T-V-009,2026-08-18 10:15:00-06,Super Valle Centro,P-001-001,1 kg,2,42.50
T-V-009,2026-08-18 10:15:00-06,Super Valle Centro,LDN-LEC,1 L,3,28.50
T-V-010,2026-08-20 10:15:00-06,Super Valle Centro,P-001-001,1 kg,2,42.50
T-V-010,2026-08-20 10:15:00-06,Super Valle Centro,LDN-LEC,1 L,2,28.50
T-V-011,2026-08-22 10:15:00-06,Super Valle Centro,P-001-001,1 kg,2,42.50
T-V-011,2026-08-22 10:15:00-06,Super Valle Centro,LDN-LEC,1 L,3,28.50
T-V-012,2026-08-24 10:15:00-06,Super Valle Centro,P-001-001,1 kg,2,42.50
T-V-012,2026-08-24 10:15:00-06,Super Valle Centro,LDN-LEC,1 L,2,28.50
T-V-013,2026-08-26 10:15:00-06,Super Valle Centro,P-001-001,1 kg,2,42.50
T-V-013,2026-08-26 10:15:00-06,Super Valle Centro,LDN-LEC,1 L,3,28.50
T-V-014,2026-08-28 10:15:00-06,Super Valle Centro,P-001-001,1 kg,2,42.50
T-V-014,2026-08-28 10:15:00-06,Super Valle Centro,LDN-LEC,1 L,2,28.50
T-V-015,2026-08-30 10:15:00-06,Super Valle Centro,P-001-001,1 kg,2,42.50
T-V-015,2026-08-30 10:15:00-06,Super Valle Centro,LDN-LEC,1 L,3,28.50
T-V-016,2026-09-01 10:15:00-06,Super Valle Centro,P-001-001,1 kg,2,42.50
T-V-016,2026-09-01 10:15:00-06,Super Valle Centro,LDN-LEC,1 L,2,28.50
T-V-017,2026-09-03 10:15:00-06,Super Valle Centro,P-001-001,1 kg,2,42.50
T-V-017,2026-09-03 10:15:00-06,Super Valle Centro,LDN-LEC,1 L,3,28.50
T-V-018,2026-09-05 10:15:00-06,Super Valle Centro,P-001-001,1 kg,2,42.50
T-V-018,2026-09-05 10:15:00-06,Super Valle Centro,LDN-LEC,1 L,2,28.50
T-V-019,2026-09-07 10:15:00-06,Super Valle Centro,P-001-001,1 kg,2,42.50
T-V-019,2026-09-07 10:15:00-06,Super Valle Centro,LDN-LEC,1 L,3,28.50
T-V-020,2026-09-09 10:15:00-06,Super Valle Centro,P-001-001,1 kg,2,42.50
T-V-020,2026-09-09 10:15:00-06,Super Valle Centro,LDN-LEC,1 L,2,28.50
T-V-021,2026-09-11 10:15:00-06,Super Valle Centro,P-001-001,1 kg,2,42.50
T-V-021,2026-09-11 10:15:00-06,Super Valle Centro,LDN-LEC,1 L,3,28.50
T-V-022,2026-09-13 10:15:00-06,Super Valle Centro,P-001-001,1 kg,2,42.50
T-V-022,2026-09-13 10:15:00-06,Super Valle Centro,LDN-LEC,1 L,2,28.50
T-V-023,2026-09-15 10:15:00-06,Super Valle Centro,P-001-001,1 kg,2,42.50
T-V-023,2026-09-15 10:15:00-06,Super Valle Centro,LDN-LEC,1 L,3,28.50
T-V-024,2026-09-17 10:15:00-06,Super Valle Centro,P-001-001,1 kg,2,42.50
T-V-024,2026-09-17 10:15:00-06,Super Valle Centro,LDN-LEC,1 L,2,28.50
T-V-025,2026-09-19 10:15:00-06,Super Valle Centro,P-001-001,1 kg,2,42.50
T-V-025,2026-09-19 10:15:00-06,Super Valle Centro,LDN-LEC,1 L,3,28.50
T-V-026,2026-09-20 10:15:00-06,Super Valle Centro,P-001-001,1 kg,2,42.50
T-V-026,2026-09-20 10:15:00-06,Super Valle Centro,LDN-LEC,1 L,2,28.50
T-V-027,2026-09-20 10:15:00-06,Super Valle Centro,P-001-001,1 kg,2,42.50
T-V-027,2026-09-20 10:15:00-06,Super Valle Centro,LDN-LEC,1 L,3,28.50
T-V-028,2026-09-20 10:15:00-06,Super Valle Centro,P-001-001,1 kg,2,42.50
T-V-028,2026-09-20 10:15:00-06,Super Valle Centro,LDN-LEC,1 L,2,28.50
T-V-029,2026-09-20 10:15:00-06,Super Valle Centro,P-001-001,1 kg,2,42.50
T-V-029,2026-09-20 10:15:00-06,Super Valle Centro,LDN-LEC,1 L,3,28.50
T-V-030,2026-09-20 10:15:00-06,Super Valle Centro,P-001-001,1 kg,2,42.50
T-V-030,2026-09-20 10:15:00-06,Super Valle Centro,LDN-LEC,1 L,2,28.50
T-VQ-001,2026-08-03 12:30:00-06,Super Valle Centro,BIO-QUI-500,500 g,1,92.00
T-VQ-002,2026-08-08 12:30:00-06,Super Valle Centro,BIO-QUI-500,500 g,1,92.00
T-VQ-003,2026-08-13 12:30:00-06,Super Valle Centro,BIO-QUI-500,500 g,1,92.00
T-VQ-004,2026-08-18 12:30:00-06,Super Valle Centro,BIO-QUI-500,500 g,1,92.00
T-VQ-005,2026-08-23 12:30:00-06,Super Valle Centro,BIO-QUI-500,500 g,1,92.00
T-VQ-006,2026-08-28 12:30:00-06,Super Valle Centro,BIO-QUI-500,500 g,1,92.00
T-VQ-007,2026-09-02 12:30:00-06,Super Valle Centro,BIO-QUI-500,500 g,1,92.00
T-VQ-008,2026-09-07 12:30:00-06,Super Valle Centro,BIO-QUI-500,500 g,1,92.00
T-VQ-009,2026-09-12 12:30:00-06,Super Valle Centro,BIO-QUI-500,500 g,1,92.00
T-VQ-010,2026-09-17 12:30:00-06,Super Valle Centro,BIO-QUI-500,500 g,1,92.00
T-C-001,2026-08-04 09:05:00-06,Abarrotes Constitución,LDN-LEC,1 L,2,27.00
T-C-001,2026-08-04 09:05:00-06,Abarrotes Constitución,LDN-QUE-400,400 g,1,55.50
T-C-002,2026-08-06 09:05:00-06,Abarrotes Constitución,LDN-LEC,1 L,2,27.00
T-C-002,2026-08-06 09:05:00-06,Abarrotes Constitución,LDN-QUE-400,400 g,1,55.50
T-C-003,2026-08-08 09:05:00-06,Abarrotes Constitución,LDN-LEC,1 L,2,27.00
T-C-003,2026-08-08 09:05:00-06,Abarrotes Constitución,LDN-QUE-400,400 g,1,55.50
T-C-004,2026-08-10 09:05:00-06,Abarrotes Constitución,LDN-LEC,1 L,2,27.00
T-C-004,2026-08-10 09:05:00-06,Abarrotes Constitución,LDN-QUE-400,400 g,1,55.50
T-C-005,2026-08-12 09:05:00-06,Abarrotes Constitución,LDN-LEC,1 L,2,27.00
T-C-005,2026-08-12 09:05:00-06,Abarrotes Constitución,LDN-QUE-400,400 g,1,55.50
T-C-006,2026-08-14 09:05:00-06,Abarrotes Constitución,LDN-LEC,1 L,2,27.00
T-C-006,2026-08-14 09:05:00-06,Abarrotes Constitución,LDN-QUE-400,400 g,1,55.50
T-C-007,2026-08-16 09:05:00-06,Abarrotes Constitución,LDN-LEC,1 L,2,27.00
T-C-007,2026-08-16 09:05:00-06,Abarrotes Constitución,LDN-QUE-400,400 g,1,55.50
T-C-008,2026-08-18 09:05:00-06,Abarrotes Constitución,LDN-LEC,1 L,2,27.00
T-C-008,2026-08-18 09:05:00-06,Abarrotes Constitución,LDN-QUE-400,400 g,1,55.50
T-C-009,2026-08-20 09:05:00-06,Abarrotes Constitución,LDN-LEC,1 L,2,27.00
T-C-009,2026-08-20 09:05:00-06,Abarrotes Constitución,LDN-QUE-400,400 g,1,55.50
T-C-010,2026-08-22 09:05:00-06,Abarrotes Constitución,LDN-LEC,1 L,2,27.00
T-C-010,2026-08-22 09:05:00-06,Abarrotes Constitución,LDN-QUE-400,400 g,1,55.50
T-C-011,2026-08-24 09:05:00-06,Abarrotes Constitución,LDN-LEC,1 L,2,27.00
T-C-011,2026-08-24 09:05:00-06,Abarrotes Constitución,LDN-QUE-400,400 g,1,55.50
T-C-012,2026-08-26 09:05:00-06,Abarrotes Constitución,LDN-LEC,1 L,2,27.00
T-C-012,2026-08-26 09:05:00-06,Abarrotes Constitución,LDN-QUE-400,400 g,1,55.50
T-C-013,2026-08-28 09:05:00-06,Abarrotes Constitución,LDN-LEC,1 L,2,27.00
T-C-013,2026-08-28 09:05:00-06,Abarrotes Constitución,LDN-QUE-400,400 g,1,55.50
T-C-014,2026-08-30 09:05:00-06,Abarrotes Constitución,LDN-LEC,1 L,2,27.00
T-C-014,2026-08-30 09:05:00-06,Abarrotes Constitución,LDN-QUE-400,400 g,1,55.50
T-C-015,2026-09-01 09:05:00-06,Abarrotes Constitución,LDN-LEC,1 L,2,27.00
T-C-015,2026-09-01 09:05:00-06,Abarrotes Constitución,LDN-QUE-400,400 g,1,55.50
T-C-016,2026-09-03 09:05:00-06,Abarrotes Constitución,LDN-LEC,1 L,2,27.00
T-C-016,2026-09-03 09:05:00-06,Abarrotes Constitución,LDN-QUE-400,400 g,1,55.50
T-C-017,2026-09-05 09:05:00-06,Abarrotes Constitución,LDN-LEC,1 L,2,27.00
T-C-017,2026-09-05 09:05:00-06,Abarrotes Constitución,LDN-QUE-400,400 g,1,55.50
T-C-018,2026-09-07 09:05:00-06,Abarrotes Constitución,LDN-LEC,1 L,2,27.00
T-C-018,2026-09-07 09:05:00-06,Abarrotes Constitución,LDN-QUE-400,400 g,1,55.50
T-C-019,2026-09-09 09:05:00-06,Abarrotes Constitución,LDN-LEC,1 L,2,27.00
T-C-019,2026-09-09 09:05:00-06,Abarrotes Constitución,LDN-QUE-400,400 g,1,55.50
T-C-020,2026-09-11 09:05:00-06,Abarrotes Constitución,LDN-LEC,1 L,2,27.00
T-C-020,2026-09-11 09:05:00-06,Abarrotes Constitución,LDN-QUE-400,400 g,1,55.50
T-C-021,2026-09-13 09:05:00-06,Abarrotes Constitución,LDN-LEC,1 L,2,27.00
T-C-021,2026-09-13 09:05:00-06,Abarrotes Constitución,LDN-QUE-400,400 g,1,55.50
T-C-022,2026-09-15 09:05:00-06,Abarrotes Constitución,LDN-LEC,1 L,2,27.00
T-C-022,2026-09-15 09:05:00-06,Abarrotes Constitución,LDN-QUE-400,400 g,1,55.50
T-C-023,2026-09-17 09:05:00-06,Abarrotes Constitución,LDN-LEC,1 L,2,27.00
T-C-023,2026-09-17 09:05:00-06,Abarrotes Constitución,LDN-QUE-400,400 g,1,55.50
T-C-024,2026-09-19 09:05:00-06,Abarrotes Constitución,LDN-LEC,1 L,2,27.00
T-C-024,2026-09-19 09:05:00-06,Abarrotes Constitución,LDN-QUE-400,400 g,1,55.50
T-CL-001,2026-08-05 18:40:00-06,Abarrotes Constitución,LDN-LEC,1 L,2,27.00
T-CL-002,2026-08-11 18:40:00-06,Abarrotes Constitución,LDN-LEC,1 L,2,27.00
T-CL-003,2026-08-17 18:40:00-06,Abarrotes Constitución,LDN-LEC,1 L,2,27.00
T-CL-004,2026-08-23 18:40:00-06,Abarrotes Constitución,LDN-LEC,1 L,2,27.00
T-CL-005,2026-08-29 18:40:00-06,Abarrotes Constitución,LDN-LEC,1 L,2,27.00
T-CL-006,2026-09-04 18:40:00-06,Abarrotes Constitución,LDN-LEC,1 L,2,27.00
T-CL-007,2026-09-10 18:40:00-06,Abarrotes Constitución,LDN-LEC,1 L,2,27.00
T-CL-008,2026-09-16 18:40:00-06,Abarrotes Constitución,LDN-LEC,1 L,2,27.00
T-O-001,2026-08-02 08:30:00-06,Mercado Pablo Livas,P-001-001,1 kg,3,36.00
T-O-002,2026-08-03 08:30:00-06,Mercado Pablo Livas,P-001-001,1 kg,3,36.00
T-O-003,2026-08-04 08:30:00-06,Mercado Pablo Livas,P-001-001,1 kg,3,36.00
T-O-004,2026-08-05 08:30:00-06,Mercado Pablo Livas,P-001-001,1 kg,3,36.00
T-O-005,2026-08-06 08:30:00-06,Mercado Pablo Livas,P-001-001,1 kg,3,36.00
T-O-006,2026-08-07 08:30:00-06,Mercado Pablo Livas,P-001-001,1 kg,3,36.00
T-O-007,2026-08-08 08:30:00-06,Mercado Pablo Livas,P-001-001,1 kg,3,36.00
T-O-008,2026-08-09 08:30:00-06,Mercado Pablo Livas,P-001-001,1 kg,3,36.00
T-O-009,2026-08-10 08:30:00-06,Mercado Pablo Livas,P-001-001,1 kg,3,36.00
T-O-010,2026-08-11 08:30:00-06,Mercado Pablo Livas,P-001-001,1 kg,3,36.00
T-O-011,2026-08-12 08:30:00-06,Mercado Pablo Livas,P-001-001,1 kg,3,36.00
T-O-012,2026-08-13 08:30:00-06,Mercado Pablo Livas,P-001-001,1 kg,3,36.00
T-O-013,2026-08-14 08:30:00-06,Mercado Pablo Livas,P-001-001,1 kg,3,36.00
T-O-014,2026-08-15 08:30:00-06,Mercado Pablo Livas,P-001-001,1 kg,3,36.00
T-O-015,2026-09-02 08:30:00-06,Mercado Pablo Livas,P-001-001,1 kg,1,39.50
T-O-016,2026-09-03 08:30:00-06,Mercado Pablo Livas,P-001-001,1 kg,1,39.50
T-O-017,2026-09-04 08:30:00-06,Mercado Pablo Livas,P-001-001,1 kg,1,39.50
T-O-018,2026-09-05 08:30:00-06,Mercado Pablo Livas,P-001-001,1 kg,1,39.50
T-O-019,2026-09-06 08:30:00-06,Mercado Pablo Livas,P-001-001,1 kg,1,39.50
T-O-020,2026-09-07 08:30:00-06,Mercado Pablo Livas,P-001-001,1 kg,1,39.50
T-O-021,2026-09-08 08:30:00-06,Mercado Pablo Livas,P-001-001,1 kg,1,39.50
T-O-022,2026-09-09 08:30:00-06,Mercado Pablo Livas,P-001-001,1 kg,1,39.50
T-O-023,2026-09-10 08:30:00-06,Mercado Pablo Livas,P-001-001,1 kg,1,39.50
T-O-024,2026-09-11 08:30:00-06,Mercado Pablo Livas,P-001-001,1 kg,1,39.50
T-O-025,2026-09-12 08:30:00-06,Mercado Pablo Livas,P-001-001,1 kg,1,39.50
T-O-026,2026-09-13 08:30:00-06,Mercado Pablo Livas,P-001-001,1 kg,1,39.50
T-O-027,2026-09-14 08:30:00-06,Mercado Pablo Livas,P-001-001,1 kg,1,39.50
T-O-028,2026-09-15 08:30:00-06,Mercado Pablo Livas,P-001-001,1 kg,1,39.50
